hashtag,count
papua,347
stophoax,237
kkb,199
menolaklupa,198
binmasnokenpolri,193
indonesianegarahukum,165
sekilasinfo,164
bersatupedulidanberbagi,146
teroris,140
tumpaskkbpapua,128
bongkarbiangrusuh,119
covid_19,117
palestinamenang,117
kkbpapua,103
democovidmenanti,102
papuaindonesia,102
papualawanhoax,99
belanegarabukanriziq,98
polriedukasiprokes,90
menujukekebalankomunal,85
70thhumaspolri,85
fpilaskarhoax,79
polrigelorakanvaksinasi,79
bijakbermedsos,78
fpisumberkeributan,75
fpipatutdibasmi,71
kamtibmasciptakondusif,70
pidatopresiden2021,69
covid19,69
polripon2021aman,68
vaksinasiperketatprokes,68
newradikalisme2021,65
opm,61
satgasnusantara,60
ppkmlonggarprokesjalan,59
polripedulianak,59
himbauanisolasiterpusat,58
polripastikanprokes,58
satgasnemangkawi,58
besmartnetizen,57
perketatdisiplinprokes,55
percepatkekebalankomunal,55
polripastikanaman,55
papuaantihoax,53
vaksinasitaatprokes5m,52
serentakvaksinasinasional,52
bijakmenggunakanmedsos,51
polriprioritaskankesehatan,50
percepatanvaksinasipolri,50
prokesmenujuendemi,50
polrisiapsiagabencana,50
lawanhoax,50
vaksintingkatkanimunitas,49
polrisalurkanbansos,49
sosialisasiedukasiprokes,49
cegahlajunyapandemi,47
kawalppkmdarurat,47
keterbukaanungkapkasus,46
bijakmenggunakanmediasosial,46
siapmenujuendemi,45
zonauang,44
apresiasirelawanvaksin,43
vaksinasipatuhi3t5m,43
kerjaprofesionalpolri,43
papuankri,43
ringkusmunarmanpembohong,42
programvaksinasimerdeka,42
sinergipolrimahasiswa,42
covid,41
harijadike73polwan,40
ponpapua2021,40
disiplinterapkan3m,39
rekrutmenpolri2020,39
sukseskanponpapua2021,37
apresiasiprogramkapolri,37
isolasiterpusatefektif,36
kkbteroris,36
tindaktegaspengacaubangsa,35
bersinergicegahpandemi,35
tangkappengacaunkri,35
stopdemosaatppkm,35
calontunggalkapolri,35
ssdm,35
polriberantaspinjol,34
torangbisa,34
indonesiabebasfpi,33
percepatdistribusibansos,33
polridisiplinkanprokes,33
kadispenau,32
vaksinasippkm5m,32
polritegashumanis,32
kapolrisiapbertugas,31
stopberitabohong,31
zonaba,30
bijakdalamaspirasi,30
polripresisihumanis,30
satgasnemangkawi2021,30
polribantukorbanbencana,30
semangatindonesiamaju,29
papuamerahputih,29
polritanggapbencana,28
penerimaananggotapolri2020,28
tangkapkkb,28
bijakbermediasosial,28
salurkancepatdantepat,27
fpiterlarang,26
ppkmdantetapvaksinasi,26
konsistenjagakamdagri,26
ponpapua,26
sayapapuasayaindonesia,26
dukungvaksinasimahasiswa,25
polrisemarakkanpon,25
festivalmuralbhayangkara,25
shopeepets,25
kkbmelanggarham,25
pendidikanuntukpapua,24
patrolibagibansos,24
mintasnack,24
jagakeamanannegeri,24
hancurkankkbdanantek2nya,23
bubarkanfpiormasilegal,23
prayfromhome,23
nataruwaspadapandemi,23
kamitidaktakut,23
fpigerombolanmunafik,22
stopprovokasi,22
polrileadiawp2021,22
pon2021,22
riziqrusakakhlakumat,21
usutsenpiilegalterorisfpi,21
polridistribusikanbansos,21
tetaptaatippkm,21
aspirasisecaraonline,21
tambahtitikpenyekatan,20
pedulikorbanbencana,20
stopkekerasan,19
damaipapuaku,19
damaiindonesiaku,19
jagakondusifitaskamtibmas,19
polritegakkanhukum,19
kepeduliankapolrisigit,19
lovepapua,19
kkbmusuhnegeri,19
terorispapua,19
fpibibitradikalisme,18
bangsatidakbutuhfpi,18
akselerasivaksinasipolri,18
kekejiankkb,18
disiplinsuksesppkm,17
dukungotsuspapua,17
bisnis,17
penerimaanpolri2020,17
nkrihargamati,17
kamipercayafpiterrorist,16
bhayangkarauntukmunegeri,16
natarupatuhiprokes,16
lanjutkanotsuspapua,16
tnipolrisolid,16
dirumahaja,16
mutualan,15
ppkmefektif,15
papua_maju,15
papua_indonesia,15
papuaisindonesia,15
optimalkan3tdan5m,15
fpujagaperdamaiandunia,15
indonesiamaju,15
anitwt,15
shopeeid,14
kinerjapolripresisi,14
vaksinperkuatimunitas,14
polripedulirakyat,14
papuadamai,14
zonajajan,13
sehattanpakentalmanis,13
papuajugabisa,13
pemudapapuahebat,13
polripercepatvaksinasi,13
polripresisi,12
distribusitepatsasaran,12
bersamacegahcorona,12
exo,12
sukseskanponpapua,12
indonesia,12
fixkkbteroris,11
patuhiprokes,11
dukung_otsus,11
ayosukseskanpon2021,11
peranaktifpolri,11
srikandigardanegeri,11
media,11
disiplinpatuhippkm,11
kktb,11
polisipiajar,11
education,11
bts,11
pandemicovid19,10
saringsebelumsharing,10
danaotsuspapua,10
penyebarhoax,10
propaganda,10
opmsudahpunah,10
bijakdalambermediasosialstophoax,10
danaotsusuntukpapuabinmasnokenpolri,10
bhayangkaramuralfestival,10
art,10
bot,10
vaksinasi,10
followme,10
pemerintahbersamakitorang,9
mutualanyuk,9
zonabu,9
ppkmsuksestekankovid,9
nkri,9
bebaskanhabibana,9
saatnyaumatislambersatu,9
theceo,9
vaksin,9
nusantaradamaitanpafpi,9
teladanrasul,9
sembakopolripeduli,9
viral,9
sapapuasaindonesia,9
ppkm,8
fpimeresahkanbangsa,8
papuaantihoaxstophoax,8
sayaindonesiasayapapua,8
sukseskanponxx,8
ponxx2021,8
kkbbiadab,8
gusmenteri,8
papuateroris,8
telkomselxrealmegt,8
mahasiswapapua,8
sahkkbseparatisteroris,8
lengkapcepatberitanya,8
kitty,8
kkbtherealterroris,8
pakaimasker,8
polrisinergivaksinasi,8
waspada,8
mutasibaru,8
tetapdirumahaja,8
staysaveterapkan3m,8
kitayakinjokowi,8
cepetangosendinstant,8
photography,8
difabelikutsip,8
jiwakemanusiaanpolri,8
baksostnipolriutknegeri,8
baksospolripeduli,8
dprriapresiasipolri,8
bersamapolribantuwarga,8
stopdemoayokemk,8
sepakbola,8
travel,8
rijikmerusakakidahislam,7
ayovaksin,7
berantasseparatisteroris,7
thespiritofpapua,7
indonesiadamai,7
tolakfpi,7
fpiteroris,7
rsbukanhabib,7
fpibubar,7
rizieqsyihab,7
fpiormaspreman,7
viralindonesia,7
hoax,7
lawanterordanradikalisme,7
jaganegeribersama,7
polritanggapkemanusiaan,7
dukungkekebalanimunitas,7
haribhyangkarake75,7
nct,7
nctdream,7
bola,7
tempobisnis,7
teoris,7
kenaikanisaalmasih,7
jagajarak,7
polrikawalppkm,7
baksosbersamatnipolri,7
shopeetindaskurir,7
goyanghamfixincernikel,7
kekejamankkb,7
burukkb,7
jokowi,7
kitasemuapapua,7
propagandakkb,7
polriagenperubahan,7
freeibhrsandulama,6
disneyplushotstarid,6
redampandemijagankri,6
tangkapmkece,6
sbypeloporklb,6
optimalkanprogramvaksinasi,6
kejog2021,6
kasihjempol,6
kkbtherealterorrist,6
taatiprokessaatketps,6
cegahcovid19,6
preventifcegahcovid19,6
berangusmafiabola,6
papuaku,6
redminote105g,6
redmibook15,6
binmasnokepolri,6
bintaranokenpolri,6
musnahkankkbdipapua,6
bubarkanfpiormasil,6
gubjatimbersamadiktukpol,6
polrisiapbantubanjir,6
optimiscegahcovid19,6
dukungvaksinasi,6
follow,6
papuadamaitanpakkb,6
jhope,6
hukumhrs,5
westandwithbimaarya,5
sidangibhrs_dramarezim,5
idi,5
tertibkanormaspreman,5
ponxx,5
bubarka,5
arusbaik,5
peduligenerasipapua,5
haribhayangkarake,5
menolaklupakkbpapuakebiadabankkb,5
bosuntukanakpapua,5
prokes5mvaksinasi,5
paytren,5
programfolback,5
bubarkanfpiormas,5
sinergipercepatvaksinasi,5
mutualankuy,5
papuaantikkb,5
papuatolakkkb,5
polrihadirditengahmasyarakat,5
tangkapaktivispapuamerdeka,5
binmasnoken,5
otsusuntukkebaikan,5
baktikunegerikupapua,5
technology,5
papuaantihoaxkoharustaustophoax,5
trenggalekaman,5
weekendhepibarengshopee,5
ombudsmanapresiasipolri,5
polribantucegahcorona,5
bersatutangkalcorona,5
31mardisinfektanmassal,5
sayapercayajokowi,5
health,5
baekhyun,5
bitcoin,5
autofollow,5
photo,5
sangpemimpinidola,5
teamfollowback,5
zonajajaná… á… á… ,4
sahabatganjarri,4
vaksinmerahputih,4
yuktwiteran,4
ayodukungppkm,4
fpi,4
moots,4
kspmoeldokotemuiburuh,4
prestasibareskrimpolri,4
jokitugas,4
sayangbayicom,4
bajubayilaki,4
bajubayilucu,4
bajubabyboy,4
bajubayi,4
bajubayiformal,4
bajubayirompi,4
setelanbajubayilaki,4
sepakboladunia,4
boladunia,4
kucing,4
entrepreneur,4
kesehatanpulihekonomibangkit,4
wattpad,4
indonesiamelawancorona,4
marikitorangbijakdalammenggunakanmediasosialdengansaringsebelumsharing,4
sukseskanpon2021,4
mz,4
dont_fight_the_feeling,4
livereportpapua,4
berantasksp,4
islamyes,4
fpino,4
puspitanagari,4
headlineberita,4
wayv,4
fashion,4
rapimpolri2020,4
rapimtnipolri2020,4
surveitnipolriterbaik,4
polisijatimpeduli,4
polrihadiruntukrakyat,4
rekrutmenpolri,4
bersatucekalcovid19,4
ssdmpolri,4
sikatteroris,4
fact,4
silokaunper,4
finance,4
mamamoo,4
weareoneexo,4
sougofollow,4
1persepsi1tujuan,4
openfollow,4
polrihimbaupakaimasker,4
ponxxpapua2021,4
jokowiatasipandemi,3
mutualanajadulu,3
newradikalisme202,3
dahnilanzarsongong,3
polrihebat,3
yoona,3
bumnantiradikal,3
rizieqshihabteroris,3
sadarkahkamu,3
dukungotsuspapuajilid2,3
indonesiaadalahpapua,3
siloka21,3
ouruniversejisungday,3
jeno,3
ì œë…¸,3
patuhtidakmudik,3
ğ‚ğ˜ğğ„ğ‘,3
brainacademyonline,3
doyoung,3
sikapcerdasstopprovokasi,3
tntgyoonarl,3
idntimeshype,3
jisoo,3
suskseskanponpapua2021,3
sedangdiputar,3
radiogentara,3
dangdutnyaindonesia,3
radiodangdut,3
dangdutkoplo,3
prokescegahpandemi,3
enhypen,3
roleplayerindonesia,3
pentagon2ndwin,3
feelin_like1stwin,3
feelin_like,3
jfb,3
wadasmelawan,3
nft,3
pfh101007,3
koreanstopbeingracist,3
papuabarat,3
situasipapua,3
papuaamandamai,3
design,3
btsarmy,3
stopmediaprovokatif,3
bazaronlinebhayangkari,3
pakaimaskeruntuksemua,3
pppkm,3
army,3
kawanpajak,3
fb,3
otsuspapuajilid2,3
papuabisa,3
dukungotsuspapuaotsuspapuajilid2,3
munarman,3
nct127,3
tolakkhilafahismehtifpi,3
lawanterorisme,3
å†™çœŸå¥½ããªäººã¨ç¹‹ãŒã‚ŠãŸã„,3
illustration,3
tnipolripedulialam,3
ff,3
rt,3
autofollowback,3
putusrantaicovid19,3
polripreventifcegahcovid19,3
sukseskanpilkadaserentak2020,3
daftarpolisidirumahaja,3
polrioptimisherdimmunity,3
wadasaman,3
hospitalplaylists2ep10,3
breakingnews,3
news,3
drakor,3
business,3
suga,3
music,3
hobi,3
followback,3
food,3
kamibersamapemerintah,2
mutualantwitter,2
mutualanskuy,2
mutualantwtr,2
zonauangï¸,2
day6comeback,2
blackpink,2
fpiterbuktisarangteroris,2
studytwt,2
batalkanuuhipbuatanpki,2
ppkmcegahpandemi,2
treasure,2
pilartanganicovid,2
1010shopeexitzy,2
nontonitzydishopee,2
shopeemidzyxitzy1,2
10000daysofjunghoseok,2
ourspecialpridejhope,2
publisherstory,2
indonesialekasmembaik,2
aamiintangan,2
nttkuattangan,2
hampapua,2
guru,2
tolakkkb,2
viuindihome,2
oshikamaba2021,2
unismamalang,2
unismakece,2
kampusnuterbaik,2
kampusswastaterbaik,2
pkkmb,2
terbangbebasmenggapaicita,2
eriwinkle_l1485,2
l1485toforever,2
happyexolday,2
jokowigagalurusnegara,2
savedkifrom4nies,2
papuaviral,2
bubarkanfpior,2
kerja,2
career,2
careers,2
happyjaehyunday,2
everyvalentinewithjaehyun,2
happyjenoday,2
ramadhan,2
bubarkanfpiormasileg,2
freehabibrizieqshihab,2
psl6anthem,2
lfc,2
vaksinasiwartawan,2
tindaktegaskstpapua,2
nct127favoriteshopee,2
1111bigsaletvshow,2
semuanontonshopee,2
fiturbrainacademyonline,2
gpstracker,2
sidoarjo,2
surabaya,2
pasuruan,2
gresik,2
faktanyaburuhsejahtera,2
sehun,2
learning,2
seriusgiveaway,2
torangbisasukseskanponpapua2021,2
sayapapua,2
sonotworthit,2
hanhyunmin,2
minnie,2
carsonallen,2
khaslokadata,2
medialawancovid19,2
kuenyonya,2
delmicron,2
florona,2
omicron,2
newprofilepic,2
patuhiprotokolcovid19,2
ë°©íƒ„ì†Œë…„ë‹¨,2
bestsellergosend,2
kitasemuapernahsedih,2
engene,2
sunghoon,2
cegahtangkalcorona,2
nkrilarangpahamkomunis,2
shopeetanam,2
indonesiajanganmenangis,2
bubarkan,2
hukummatimunarmanteroris,2
semuatenangterlindungi,2
tatakehidupanbaru,2
saveteachersfromkkb,2
seventeen,2
hometownchachacha,2
cancelnebexams,2
fadlizontobat,2
v,2
laliga,2
newnormal,2
anakbangsalawanradikalisme,2
tingkatkanpemulihannkri,2
manfaatbaikuuciptakerja,2
jumatberkah,2
dukungpolribrantasfpi,2
saudarasatunusabangsa,2
segeratangkapdantindakkkbpapua,2
zeeletter,2
forsale,2
fintech,2
vr,2
analytics,2
ai,2
machinelearning,2
bigdata,2
ar,2
robotics,2
ml,2
iot,2
futureofwork,2
metaverse,2
blockchain,2
eth,2
tolaksidangvirtual,2
janganmudahterprovokasi,2
blokirseword,2
muthoniwa,2
rutoslyingtongue,2
mainaandkingangi,2
mwashumbenashugaboy,2
cotubossspeaks,2
staarabika,2
mondaythoughts,2
wakstikitaka,2
barakazamilele,2
salimswaleh,2
drawing,2
editfoto,2
terminalmojok,2
polri,2
tangkapdennysiregar,2
malamjumat,2
terpopuler,2
vcs,2
faktaunikakb48,2
motogp,2
1212birthdaysaletvshow,2
shopeeidtxt,2
semoanontonshopee,2
ë§›_hotsauce,2
mba,2
msc,2
phd,2
beasiswaluarnegeri,2
peluangbisnis,2
people,2
nature,2
mautefal,2
brantaskkb,2
pfi,2
love,2
beautiful,2
ãƒ•ã‚¡ã‚¤ãƒ³ãƒ€ãƒ¼è¶Šã—ã®ç§ã®ä¸–ç•Œ,2
ç›¸äº’æ”¯æ´,2
ç›¸äº’ãƒ•ã‚©ãƒ­ãƒ¼,2
usa,2
refollow,2
trading,2
agustusmerdekadarijokowi,2
socialmedia,2
srudukfollow,2
instagram,2
instapic,2
tnipolribaktikesehatan,2
suks,2
sinergitascegahcovid19,2
nomudiksavelives,2
insyaallah,2
donordarahpolri,2
baksospedulipolri,2
å†™çœŸã‚’æ’®ã‚‹ã®ãŒå¥½ããªäººã¨ç¹‹ãŒã‚ŠãŸã„,2
etsy,2
tidakmudik,2
omnibuslawbayarinfluencer,2
santrisiagajiwaraga,2
prokes,2
jagakesehatan,2
bukanberitabiasa,2
ppkmuntukredakanpandemi,2
bubarkankkb,2
stopberitahoax,2
deklarasidamaipapua,2
papauaindonesia,2
dynamite,2
iheartawards,2
selamatkankeutuhannkri,2
kadrunmatiaja,2
savepapuafornkri,2
yoongi,2
jungkook,2
papuanlivesmatter,2
water,2
kimgoeun,2
goblin,2
thekingeternalmonarch,2
ayutingting,2
happyjaeminday,2
omnibuslawtaatprosedural,2
westpapua,2
skills,2
fridayfeeling,2
kredivo,2
domainname,2
loans,2
defi,2
recehkantwitter,2
kamisambyar,2
retweet,2
hoseok,2
tolakruuciptakerja,2
bisnisonline,2
bismillahleslarmenujuhalal,2
divisihumaspolri,2
ayonaikbiscom,2
pixarlucaid,1
mutualanajadulusiapataujodoh,1
lockey,1
secret_number,1
genshintwt,1
tolakreuni212,1
aniesdipusarantokohteroris,1
aniesdipusarantokoht,1
jejakmesummrs,1
rosÃ©,1
ë¡œì œ,1
ë¸”ë™í•‘í¬,1
teaserposter,1
release,1
yg,1
stophinabaduy,1
ormasterlarang,1
9miliarambyar,1
menagihjanjipaklurah,1
day6xmusinsa,1
polridicintairakyat,1
valentinebukanbudayakita,1
dinardirhamsolusiekonomi,1
percakapan14februari,1
theboxmovieiscomingsoon,1
actorchanyeolisback,1
polrildii,1
daikamtibmas,1
freedomforibhrs,1
dpnol4niesnolbesar,1
ambistwt,1
ambisverse,1
snsd,1
lifeisoverexams,1
kerenhaksegalabangsa,1
bzullbexamissue,1
saynotohoax,1
usirfpidanhrs,1
viscabarca,1
langkahtepatpulihkanri,1
indonesiacerdas,1
roleplayer,1
roleplay,1
roleplayeraccount,1
roleplayerkpop,1
saudarajiwa,1
knmcomunity,1
twitterblueroom,1
íŠ¸ë ˆì €,1
rocketchipfyi,1
demikalian,1
demicust,1
yokbisayok,1
karina,1
winter,1
ningning,1
giselle,1
aespa,1
bott,1
lost,1
lostkdrama,1
jtbc,1
bapakpresidenmenyerahlah,1
owalahurip,1
geniusproducerasahiday,1
soloistlisa,1
presavels1now,1
shafqatmehmood,1
tahukahkamu,1
teuday_day7,1
welovejungkook,1
standforjk,1
demokratbersamaahy,1
godmorningwednesday,1
bpjskesehatan,1
bpjsmelayani,1
gotongroyongsemuatertolong,1
jknhadiruntukrakyat,1
esaa,1
esaaprojects,1
virtualeducationacademy,1
indonesianliteracyassociation_ila,1
indonesiasejutapenulis,1
icear,1
uns,1
mgkalbar,1
ikatangurulpdp,1
yudhaenglishgallery,1
shame_on_assam,1
newgirl,1
papuamaju,1
humanrights,1
cyber,1
bliss,1
bri,1
memberimaknaindonesia,1
bangkitbersamabri,1
falconandwintersoldier,1
demokratinangradikal,1
trauma,1
prokesatasipandemi,1
trustallah,1
job,1
jobs,1
jobsearch,1
asepscloker,1
recruitment,1
hiring,1
lokerindonesia,1
gis,1
peta,1
gudang,1
elektrik,1
kalimantan,1
julong,1
survey,1
jaehyun,1
geezandann,1
masjidalaqsa,1
gubernurjatim,1
khofifahindarparawansa,1
pemulihanekonominasional,1
pen,1
kuliahumum,1
ipdn,1
ruberid,1
janganmain2dengancovid,1
psl6,1
groovemerahai,1
ligaitalia,1
seriea,1
livbur,1
speakmike,1
dcfact,1
bankjatim,1
infobankjatim,1
pilkadamedan,1
jangangolput,1
jokowi2periode,1
jokowimaruf2019,1
followlinetoday,1
highschoolloveon,1
maal,1
friendscholars,1
temancendekiawan,1
eisenhower,1
productive,1
strategic,1
opportunity,1
time,1
timemanagement,1
planning,1
thegreatshamangadooshim,1
thegreatshamangadooshimep8,1
karantinapertanianambon,1
75thbhayangkara,1
mom,1
parenting,1
anak,1
duniakana,1
cattree,1
cat,1
catlover,1
catstagram,1
bomixppkritt,1
polresmetrojakartapusat,1
poldametrojaya,1
mood,1
teufind,1
un1tyida2021,1
sefleksibelitu,1
fotoprofilbaru,1
xiaojun,1
jisung,1
chenle,1
komitmenpolriuntuknegri,1
fiturbrainacademy,1
cucigudangbukalapak,1
cheeseinthetrap,1
tuneinforlove,1
yumiscells,1
fanart,1
artindo,1
celebritiesdotid,1
infocelebterkini,1
planetaeris21,1
leedongwook,1
kimbum,1
taleoftheninetailed,1
bringbacktejubhaiya,1
munafik,1
ikatancintaep315,1
modicabinetreshuffle,1
smartcities,1
shape,1
workforpeople,1
attracted,1
factors,1
pushfactor,1
pullfactor,1
violence,1
riots,1
droughts,1
housing,1
lessairpollution,1
walkableroads,1
staystrongpratik,1
kumparanhits,1
fjkt48,1
jkt48,1
jkt48lulu,1
wota,1
poldadiy,1
poldajogja,1
jogja,1
jogjaistimewa,1
weekend,1
fridayvibes,1
upgrad,1
upgradabroad,1
studyabroad,1
flyabroad,1
vouch,1
gifthampers,1
giftvoucher,1
manajemenkeuangan,1
ourpenjelbewooseokday,1
jokowimelanggarprokes,1
leavejenniealone,1
galaxya12,1
peninggiherbal,1
proteksiekstra,1
citarasatakterlupakan,1
bankmandiri,1
happy_wonyoung_day,1
foreverwonyoungday,1
ourbelovedsummer,1
kimdami,1
choiwooshik,1
kimsungcheol,1
rohjeongeui,1
mulaidarimanjaaja,1
ivermectin,1
pertashop,1
nahloh,1
22yearsofbaadshah,1
fyi,1
semuajadi,1
spotifykr,1
gehraiyaan,1
buntuaurbabli2,1
roleplaykpop,1
buayadarat,1
happinessforhanbin,1
welcomebackscoups,1
daerahsigapcorona,1
cewek,1
bacotansantuy,1
tejran,1
tejatroops,1
tejasswiprakash,1
earphone,1
robot,1
whkorea,1
jastipkorea,1
jastip,1
onsiteshopping,1
hbdsenauwu,1
denganetmerdekaberdaulat,1
wadastolaktambang,1
website,1
filmkata,1
victormambor,1
editormediabalabal,1
ëª¬ìŠ¤íƒ€ì—‘ìŠ¤,1
im,1
choihyunsuk,1
ìµœí˜„ì„,1
ãƒã‚§ãƒ»ãƒ’ãƒ§ãƒ³ã‚½ã‚¯,1
å´”ç¹ç¡•,1
teaserà¹€à¸œà¸²à¸‚à¸™,1
indotara,1
ptindotara,1
ptindotarapersada,1
indotarapersada,1
tomori,1
mesineskrim,1
mesineskrimmurah,1
mesineskrimjakarta,1
gelato,1
hardicecream,1
softicecream,1
icecreamgelato,1
mesineskrimdiaceh,1
eskrim,1
bangkitjadibesar,1
mtvnad,1
fjb,1
follback,1
instantfollow,1
stake,1
hypetrain,1
amankanpondarikstpapua,1
nkrimelawanpki,1
baksosbersamat,1
disiplinpolahidupbaru,1
indahnyatoleransi,1
mutualanaja,1
mutualangaknih,1
jntfashionweek,1
pks,1
opmterorist,1
manhwatwt,1
webtoontwt,1
17an,1
pdiperjuangan,1
pdiperjuanganjabar,1
pdiperjuangankotacirebon,1
neverthelessep10,1
rahma,1
hotsauce,1
agustushaul,1
nanyaaja_sih,1
tempocantika,1
barakallah,1
appointall40pluscandidates,1
isromissions,1
success,1
isro,1
rockets,1
rocketship,1
missionstatement,1
missions,1
india2021,1
trendingnow,1
trendingnews,1
newsalert,1
newsupdates,1
newstoday,1
india,1
kreditpintar,1
pinjamanojk,1
pinjamanonlinecepatcair,1
pinjamanonlineterpercaya,1
pinjamanuang,1
mathematics,1
katiba,1
ligainggris,1
premierleague,1
epl,1
flamboyanfc,1
football,1
ggmu,1
muneve,1
perbedaan,1
exomillionseller,1
tmsd,1
treasuremakerselcaday,1
hyunsuk,1
surabayalendir,1
hotel,1
tiketpesawat,1
tiketkereta,1
liburan,1
galaxys21,1
hamptapass,1
rasigarkural,1
totalchan2020,1
ligaspanyol,1
lois,1
tokomartnodrama,1
empathy_2ndlook,1
_d7_,1
mejja,1
curfew,1
tamanhockann,1
jalanklanglama,1
oldklangroad,1
pkpd,1
indonesiabersih2radikalisme,1
ekonomibangsamenguat,1
wakafproduktif,1
jalinpersatuan,1
otsuspapuatidakgagal,1
selamatkandemokrasi,1
benciprodukluarnegeri,1
perusahaanbirdkigimana,1
apbnuntukpapua,1
stopprovokasihoaksvaksin,1
jkwwujudkanmimpi,1
khilafahakarradikalisme,1
bersatulawancovid19,1
2022gantigabener,1
mahasiswajateng,1
ourgoldenvoicetaehyun,1
vaksinasilansia,1
dukungvaksinasivaksi,1
livinbymandiri,1
whatsapp,1
kamibersamajkt48,1
sinergitastnipolri,1
aninbaik,1
prayagainstcovid19,1
terbaru,1
infogenwanipooll,1
namjoohyuk,1
twentyfivetwentyoneep1,1
keepstrong,1
sailmaking,1
sails,1
workshop,1
students,1
teaching,1
courses,1
friday,1
sew,1
sewing,1
practical,1
handson,1
make,1
creative,1
gopaylaterdi,1
kerjaairlangganyata,1
airlanggahartarto,1
amazonbook,1
book,1
books,1
kindle,1
kindlebook,1
childrenbook,1
kids,1
kidsbook,1
poem,1
poems,1
poemsbook,1
pekerjakreatif,1
apa2bisagaya,1
antigaptek,1
jadimual,1
dibaliklayar,1
idolme,1
torang,1
insurance,1
5g,1
insure,1
home,1
mortgage,1
kuttypattashits100m,1
ashaangi,1
racketboysep16,1
racketboys,1
dreamscometrueizone,1
youthwithyou3themesong,1
bisalah,1
pedulisesama,1
maongezi_yapo,1
esemka,1
happyweekend,1
hepiwiken,1
alfusoftmedianet,1
webdesain,1
investing,1
quarantinetales,1
weekendrec,1
baseentertainment,1
basegoodvibes,1
adayangkayagitu,1
wonderfulwonwooday,1
demicasupplement,1
teamdemicakl,1
hehe,1
cilacapdotinfo,1
news_cilacap,1
cilacapterkini,1
semangatmira,1
tinggibadan,1
vgpunite,1
citarasatakterlupaka,1
bintangemonbestboy,1
godsmenu_d1,1
golive,1
heybayuskak,1
adaptasitatananhidupbaru,1
juan4ikaprama,1
berjuangbersama,1
jasablog,1
landingpage,1
hidupsehatterapkan3m,1
disiplinwajibmasker,1
wujudkepedulianpolri,1
guncity,1
ihsg,1
colouring,1
youtubekids,1
youtubecreator,1
youtube,1
mvptogel,1
mvptoto,1
kodesyairkentucky,1
kodesyairsgp,1
kodesyairsydney,1
kodesyairhk,1
forumsyairsgp,1
forumsyairsydney,1
forumsyairhk,1
prediksijitu,1
nupedulicovid19,1
tetapwaspadacorona,1
nujagapangan,1
btsno1globalartist,1
btsno1globalartist2020,1
btshistorymakers,1
btspavedtheway,1
votebts,1
kca,1
penthouse2ep12,1
polritegashumanispolri,1
pulautoto,1
bandartogel,1
bandartogelonline,1
bandartogelterpercaya,1
bandarlivedingdong,1
togelonline,1
togelhk,1
togelsgp,1
togelsydney,1
teamrenjun,1
auroratotogroup,1
cosmictoto,1
sebbysambom,1
redefinethecar,1
merahputihcom,1
kebersihan,1
ì´íƒœë¦¬íƒ€ì˜¬ì•„ë‹˜,1
oldercat,1
cats,1
superseniorcatsclub,1
anisd,1
jasaedit,1
jasadesain,1
1minggu1cerita,1
kesuksesan,1
netflixmurah,1
spotify,1
spotifypremium,1
jokowi7tahuncukuplah,1
thekingofngibul,1
netflixandchill,1
talikasihhrdbacot,1
userstory,1
hometownchachachaep4,1
oursunshinejeongwooday,1
cryptocurrency,1
100daysofcode,1
live,1
btc,1
cryptonews,1
crypto,1
itwasntmedjraidenftchoiyoojung,1
hometownchachachaep16,1
vicyprasetyo,1
kalinaoktarani,1
selebriti,1
ktalk,1
snowdropep2,1
junghaein,1
zonamahasiswa,1
minyoongi,1
agustd,1
zonacuan,1
balapliar,1
knalpotbising,1
sunter,1
polisi,1
satpolpp,1
satgas,1
bebashukum,1
level4,1
dangdut,1
ostschool,1
fatirkshop_bulk,1
worldwidekpop,1
temposeleb,1
butter,1
kcamexico,1
kucingpersia,1
kucingras,1
kucingrasmedan,1
petshopmedan,1
kucinganggora,1
jennie,1
rose,1
lisa,1
ditendang,1
soundcloud,1
bts_is_7,1
visionplusoriginals,1
infopenting,1
junghoseok,1
salamakalsehat,1
supportmizorampolice,1
bambamonmubank,1
bambam_ribbon,1
ribbon,1
cuckold,1
drama,1
ggrm,1
tegakkankeadilanprotkes,1
jobvacancy,1
lowonganterbaru,1
recehantwitter,1
sobatlldikti3,1
otsussejahterakanpapua,1
pajakkitauntukkita,1
pajakkuatindonesiamaju,1
surabayabirahi,1
surabayainclude,1
bosurabaya,1
openbosurabaya,1
wpsurabaya,1
oppoa54,1
bstet19_seat_increase,1
computer,1
dino,1
wartaringan,1
semuabisainvestasi,1
makan,1
tipssehat,1
infomaag,1
infosehat,1
hidupsehat,1
berita,1
xxx,1
medicalmarijuana,1
marijuana,1
benefits,1
cannabis,1
thecannabisreporter,1
gose_waterpark,1
going_svt,1
ttt_3_,1
nusantara,1
adadikompas,1
preman,1
closeschoolsnow,1
pathan,1
niaramadhani,1
bilalsaeed,1
forumkaskus,1
vcsjilbab,1
colmek,1
misslee,1
hyeri,1
kimsangkyung,1
thesultansctv,1
40dayswithizone,1
happysulliday,1
tokopediawib,1
rahulvaidya,1
cancelboardexam,1
tokobatikc5,1
rinduawakseparuhnyawa,1
pecintaspoiler,1
justiceforpearl,1
switch_on_jinjin,1
astro,1
idntimeslife,1
july24coup,1
icrc_savemyanmarprisoners,1
whatshappeninginmyanmar,1
sexeducation,1
indonesiahumanrightssos,1
hospitalplaylist2,1
ikatancintaep425,1
muslim,1
studyacc,1
havefun,1
vaksinasicegahkematian,1
govindsinghdotasara,1
shehnaazians,1
hexosmodalberkawan,1
hexosseruseruan,1
quote,1
happydoday,1
ourpridekyungsooday,1
dyoday2021,1
weishenv,1
å¨ç¥v,1
pakdemundursaja,1
gidle,1
nabilahfacts,1
npm,1
ninjapedulimelayani,1
ninja,1
negerikuindonesiajaya,1
agamacinta,1
pedulidampakppkm,1
indonesiatangguh,1
indonesiatumbuh,1
svt_inthesoop_ep1,1
enhypen_sunghoon,1
belgiangp,1
sayamaumelamaranakom,1
kasqq,1
kasqqpkv,1
indokasqq,1
bandardomino,1
dadu,1
judionline,1
android,1
bd99,1
binomo,1
bbnaija,1
1jutaintanorii,1
adults,1
pr0fessionals,1
hometownchachachaep14,1
polripengamanmasyarakat,1
businessowner,1
traveling,1
logodesign,1
canine,1
mammal,1
animal,1
grass,1
plant,1
bulldog,1
pitbull,1
dogs,1
pets,1
views,1
explore,1
homediyideas,1
cellphonecases,1
booksbooksbooks,1
businessman,1
arts,1
footwears,1
daruratbanjir,1
waspadacovid19,1
tellkomsal,1
ketatdemi,1
ketatdemikamu,1
crot,1
tidakpercumalaporpolri,1
jualnetflix,1
jualakunnetflix,1
jualspotify,1
jualviu,1
giveawayalert,1
giveaway,1
dramakorea,1
tnibersamarakyatpapua,1
langtwt,1
kangseungyoon,1
investorasing,1
viel,1
jabarnews,1
beritalokal,1
beritahiperlokal,1
harianjabar,1
beritajabar,1
beritajawabarat,1
jawabarat,1
jabar,1
digiringpolisi,1
bank,1
anakakiditio,1
diperiksaintensif,1
lebihdari7jam,1
ì˜¤ëŠ˜ì˜ë°©íƒ„,1
ë¡¯ë°íŒ¨ë°€ë¦¬ì½˜ì„œíŠ¸,1
7ë°©íƒ„ì™„ì „ì†Œì¤‘,1
ì¸í„°ë‚´ì…”ë„íŒì¼€ì´ì„¼ì„¸ì´ì…˜_ì¤‘ëµ_í•«ë°±1ìœ„ê·¸ë˜ë¯¸ë…¸ë¯¸ë„¤ì´íŠ¸í¼í¬ë¨¸bts,1
mark_child_getset_go,1
mark_solo_child,1
tolakunjukrasa,1
menagrasakomunis,1
neo_flower_city,1
ìŠ¤ì— ê½ƒë°­,1
workout,1
choosesaa,1
pulsa,1
murah,1
indosat,1
telkomsel,1
masukpolrigratis,1
biankids,1
spm2020,1
nep2020,1
educationpolicy2020,1
educationministry,1
scrapnep,1
inibeneranlive,1
psbb,1
wecandothis,1
sante,1
mafiastate,1
beliprodukumkm,1
mositidakpercayadprri,1
indonesiadalambahaya,1
educationtaxfree,1
mahatmagandhi,1
mahatmagandhijayanti,1
bjp,1
siloka,1
banggamasukunper,1
waralaba,1
franchisemurah,1
franchise,1
robbyvers48,1
erine,1
blokkk,1
ikatancintaep179,1
bisnisrumahan,1
ozserkedi,1
background,1
holiday,1
drink,1
flowers,1
cancelcbseboards2021,1
ppc2021,1
studentsboycottofflineexams,1
inspirasi,1
runningman,1
sagsorresignshafqatsb,1
belapalestinatetapsadarcorona,1
cancelassamboardexams,1
abdinegarapolri,1
world,1
democracy,1
money,1
climate,1
co2,1
science,1
gouvernement,1
handsomeleoday,1
ten,1
boiko,1
kkbganggupembangunanpapua,1
palestine,1
save6500,1
ì˜¥ìƒìœ„ë†ì¥,1
íƒœìš©,1
taeyong,1
ì„±ì°¬,1
sungchan,1
mutualankpop,1
ladyleste,1
thejokerandthequeen,1
sunjaygraduationday,1
jumatpenuhberkah,1
socks,1
manufacture,1
kaoskaki,1
company,1
pabrik,1
perusahaan,1
londonbridge,1
cyberweek,1
advent,1
christmas,1
slatt,1
surfing,1
perisur,1
stairs,1
birthday,1
escaleras,1
mexico,1
gaymex,1
guy,1
author,1
iphoneè¶Šã—ã®ç§ã®ä¸–ç•Œ,1
æ‹¡æ•£å¸Œæœ›,1
æ‹¡æ•£,1
tfbjp,1
followbackjp,1
goen,1
mustfollow,1
brides,1
designer,1
photoshoot,1
archanakarthick,1
lifemade,1
thextour,1
capitalism,1
ã‚¢ãƒ´ã‚¡ãƒ™ãƒ«,1
ã‚¢ã‚½ãƒ“ãƒ¢,1
ç›¸äº’å¸Œæœ›,1
ã‚²ãƒ¼ãƒ ,1
game,1
è£æŠ€,1
è¦šé†’è·,1
è£æ¿æ°‘ã¨ç¹‹ãŒã‚ŠãŸã„,1
mutual,1
ãƒ‘ã‚ºãƒ‰ãƒ©,1
america,1
outdoors,1
peace,1
snow,1
musicianlife,1
producerlife,1
guns,1
rifles,1
ç‰¡ç¾Šåº§,1
ãŠã²ã¤ã˜åº§,1
ç›¸äº’ãƒ•ã‚©ãƒ­ãƒ¼æ”¯æ´,1
ç›¸äº’,1
é›‘å†™,1
å†™çœŸ,1
photosnap,1
favourite,1
lumen,1
cameraless,1
alternativephoto,1
process,1
plants,1
fineart,1
nowplaying,1
omnibuslawsampah,1
dprrikhianatirakyat,1
dprpenghianat,1
puanmaharani,1
takedown,1
_walpurgis_night,1
gfriend,1
secretnumber,1
mahasiswakkn,1
telegram,1
kasuskekerasan,1
laligasantander,1
buyamerican,1
edtech,1
remotelearning,1
schoolsreopening,1
cnbc,1
openschools,1
stimulus,1
investor,1
stock,1
momo,1
stocktwits,1
fomo,1
stockmarket,1
otc,1
graphic,1
society,1
tokyo,1
japan,1
artwork,1
istriselingkuh,1
pacman,1
jcs99,1
kapolri,1
lh87,1
bagimunegeri,1
ulangtahunkapolri,1
polisitanggapbencana,1
idntimesscience,1
perangduniai,1
perangdunia,1
worldwar,1
infosejarah,1
faktasejarah,1
klbbodong,1
tips,1
bwyoayoproject,1
armynyabangtan,1
totmun,1
kirimkebaikan,1
kirimkankebaikan1,1
bwarirenze,1
karma,1
waktunyakorea,1
kitabersaudara,1
poldapapuapromoter,1
polripromoter,1
polrijaya,1
jayapura,1
polisiindonesia,1
savekimiafarma,1
kimiafarma,1
jooxid,1
vincenzoep20,1
radheshyam,1
exo_signalreceived,1
straykids_the_final_king,1
staywedidit,1
reply1988,1
damaibersama,1
cocacola,1
velittle,1
nomin,1
penthouse3ep5,1
recordmakertaehyung,1
19harigiveawaychuang2021,1
nezuko,1
kimetsunoyaiba,1
umaru,1
himotouumaruchan,1
trombosit,1
hatarakusaibou,1
tsubomikido,1
mekakucityactors,1
cosplay,1
kumparannews,1
ppgmki,1
ppkmrakyatmenderita,1
nominradio,1
salingfollow,1
faktanyacjr,1
chanyeol,1
every27thwithloey,1
semuajadijago,1
m,1
happy,1
follomejp,1
internationalcheetahday,1
hobbies,1
registrye,1
marugameph,1
glorietta,1
sykesers,1
instagreatness,1
instadaily,1
belax,1
like,1
æ±äº¬ã‚«ãƒ¡ãƒ©éƒ¨,1
ã‚«ãƒ¡ãƒ©å¥½ããªäººã¨ç¹‹ãŒã‚ŠãŸã„,1
followmejp,1
inikebumen,1
fupjagaperdamaiandunia,1
apaitususpect,1
8a8888,1
koleksi,1
skullcollector,1
freak,1
brokenfin,1
fishing,1
hoodie,1
hoodiemurah,1
hoodies,1
exhibition,1
kyoto,1
ãƒ¡ãƒ³ã‚ºãƒ•ã‚¡ãƒƒã‚·ãƒ§ãƒ³,1
fridaythoughts,1
follobackforfolloback,1
follo4folloback,1
adultmotivation,1
automotive,1
polrestabandung,1
polsekcimaung,1
papualebihbaik,1
aksiberantascovid19,1
13mardisinfektanmassal,1
nomoredreamiscoming,1
ayobijakcegahcorona,1
viperguphotographer,1
vsco,1
vscocam,1
vscocamthailand,1
sky,1
canon6d,1
sigma20mmart,1
repost,1
giraffe,1
ikutiaturancegahcorona,1
coronabisadisembuhkan,1
belajarbisnisonline,1
tutorialbisnisonline,1
bisnisinternet,1
bisnisdigital,1
stayathome,1
workfromhome,1
taucepattanpabatas,1
viruscorona,1
semuapedulicovid19,1
penerimaanpolri,1
baksostnipolriutkneger,1
jiwakemanusiaanpolriv2,1
rekruitmenpolri2020,1
ayoikutiaturan,1
jatenglawancorona,1
banjarnegaralawancorona,1
bersatucegahcovid19,1
ã‚­ãƒªãƒˆãƒªã‚»ã‚«ã‚¤,1
relationships,1
reintegrationblog,1
blur,1
blurredlines,1
illustrationart,1
illustrationartists,1
artistsofinstagram,1
f4f,1
mgwv,1
followtrick,1
anotherfollowtrain,1
ï½†ï½ï½Œï½Œï½ï½—,1
nails,1
beauty,1
sdmkepri,1
humaspoldakepri,1
diapers_poldakepri,1
insyaallahpolripreventifcegahcovid19,1
polrihimbaupa,1
polripreventifcegah,1
polrihimbaupakaimaske,1
ssd,1
baks,1
ukgiftam,1
20dicembre,1
salvini,1
wander,1
wanderlust,1
adventure,1
nikon,1
lovetravel,1
bag,1
istanbul,1
walkin,1
club,1
with,1
bottleofbud,1
yuhyuh,1
highvibes,1
newmusic,1
thehomie,1
newbangers,1
wshh,1
opsketupatcegahcovid19,1
tundamudikjogjasehat,1
ssdm_polri,1
agustd2,1
gongyoo,1
leeminho,1
jogowargojogonegoro,1
ayojogojeporo,1
bersamakitabisa,1
thekingeternalmonarchep12,1
kitabisa,1
beachcamping,1
sunset,1
surf,1
saltlife,1
playa,1
ocean,1
fursona,1
oc,1
furryart,1
furry,1
stockimage,1
boatarde,1
boaa,1
instalike,1
instahappy,1
instalove,1
sweden,1
vasterbotten,1
europe,1
pendant,1
amethyst,1
giftforher,1
gemstonejewelry,1
draw,1
digitalart,1
vcstrusted,1
wine,1
gallery,1
photos,1
california,1
deathvalley,1
turki_pics,1
canonfavpic,1
canon,1
naturephotography,1
natgeo,1
natgeowil,1
mosyandesign,1
thekingeternalmonarchep15,1
festabts2020,1
corona,1
london,1
polriuntukindonesia,1
bersamalawancorona,1
niadinet,1
godmenu_d3,1
social_media_manager,1
fitness,1
jvpositive,1
jomventures,1
dailyquotes,1
quotes,1
quotestoliveby,1
csartistrys,1
autofollower,1
autofollowers,1
disiplinnewnormal,1
vaksinuntukkita,1
upayalawanpandemi,1
klbdemokrat2021sah,1
pandemiperkayapejabat,1
polripastikanama,1
mamatalied,1
ayeshaakram,1
saintdrgurmeetramrahimsinghji,1
baekhyunexo,1
poldajatim,1
polresmalang,1
kapolresmalang,1
akbpbagoeswibisono,1
polisiadem,1
malangpolisiadem,1
p2kuad2021,1
vndt,1
stablecoins,1
stablecoinairdrop,1
pasartomohon,1
kucingbukanmakanan,1
wayzennimpls,1
pacet,1
songgoriti,1
butterto300m,1
kspmoeldokoatensikudus,1
dukungtnipolri,1
kudusdirumahsaja,1
daerah,1
hellofuture,1
nfp,1
weltrade,1
weltradeindonesia,1
forex,1
umkm,1
merger,1
akuisisi,1
karimunjawa,1
travelquotes,1
exo_lunareclipse,1
exo_l,1
exo_solareclipse,1
mplementasiotonomikhusus,1
bookreview,1
updateblog,1
bloggercirebon,1
newposting,1
secretnumberdishopee,1
blackwidow,1
tiketbus,1
lazada99,1
pelopor,1
peloporindonesia,1
pelopormedia,1
peloporberita,1
beritaterkini,1
beritaindonesia,1
u21kwc,1
korfball,1
korfbal,1
corfebol,1
korfbol,1
corfbol,1
ceasensekkleparty,1
decadeforihdookudu,1
fatindalamteduh,1
dalamteduh,1
happy_hayoung_day,1
pbakunsiq2021,1
bemunsiq,1
tolakkomersialisasipendidikan,1
tumbangkankapitalisme,1
septemberhitam,1
nctzen,1
okpopshoptingi,1
detiknetwork,1
caktejo,1
opspatuhsemeru2021,1
danganronpa,1
tsumugishirogane,1
sofisjapan,1
mmga,1
classicrock,1
60s,1
70s,1
80s,1
radio,1
lindunginegeridenganprokes,1
negeripajak,1
dbee,1
lagimuterin,1
radionyaorangbogor,1
takutsamabts,1
acaratv,1
jadwaltv,1
film,1
liga1,1
idntimestravel,1
vlive,1
kookieday,1
himanshikhurana,1
semangatsalingbantu,1
pesanbaikuntuksesama,1
olahraga,1
sport,1
grandprix,1
ayodukungotsus,1
futurediver,1
dempagumi,1
bheemlanayak,1
astarvocalistjunkyuday,1
sing,1
sewamobiljakarta,1
liburankeluarga,1
rentalmobil,1
wisatajakarta,1
wisatabandung,1
sewahiacejakarta,1
sewahiacejakartaselatan,1
sewaalphardjakarta,1
keluarga,1
jakarta,1
weddingcar,1
tripjakarta,1
sewamobil,1
tripmurah,1
modijiremovedharmendrapradhan,1
kkbtembakguru,1
ham,1
bisnismlmterbaik,1
mlmterbaru,1
sebataspernah,1
traumahealing,1
asmara,1
1tahunberbagirasa,1
ì •êµ­,1
favechoreography,1
bestmusicvideo,1
carnivalwithengene,1
johnny,1
happyjohnnyday,1
ìŸˆë‹ˆ,1
kitapastibisa,1
papuaindones,1
noviralnojustice,1
israelstartstheattack,1
aguero,1
anies,1
messi,1
israelterrorists,1
19mai,1
yahudi,1
kamuditinggalinkarena,1
noveltrauma,1
tniadmengabdidanmembangunbersamarakyat,1
jimin,1
prayforntt,1
infopapua,1
jaemin,1
bojogja,1
availjogja,1
b1snis,1
jokowilawanpandemi,1
faktawadas,1
danahajitinggal18miliar,1
operasipremanismepolri,1
nevertheless,1
songkang,1
songkangsohee,1
hansohee,1
yoonabi,1
parkjaeeon,1
weare5tilldreaming,1
thecurseddeadmansprey,1
filmkorea,1
loversiftheredsky,1
amkfx,1
bossku,1
raffiahmad,1
scammerneelpatel,1
qiankun,1
kun,1
akdongseoulwithkun,1
minari,1
younyuhjung,1
hanyeri,1
stevenyeun,1
alankim,1
noelcho,1
sindonews,1
happybirthdayjungkook,1
undercover,1
jijinhee,1
kimhyunjoo,1
yeonwoojin,1
hansunhwa,1
yooseonho,1
tarotquote,1
tarotindonesia,1
tarotreader,1
taerotreading,1
ramalan,1
lenormand,1
oracle,1
past,1
future,1
prediction,1
kisahsukses,1
tangkapgubernurjatim,1
thankyouatuygalon,1
onlineshop,1
olshopindo,1
bajucewek,1
bajukorea,1
markzuckerberg,1
meta,1
metaversenft,1
tech,1
technews,1
